{"cameraMode":{"drawMode":0,"name":"Shaded","section":"Shading Mode"},"sceneLighting":true,"audioPlay":false,"sceneViewState":{"showFog":true,"showMaterialUpdate":false,"showSkybox":true,"showFlares":true,"showImageEffects":true,"showParticleSystems":true},"in2DMode":false,"pivot":{"x":4.340378761291504,"y":-35.72926330566406,"z":21.617469787597658},"rotation":{"x":0.45672887563705447,"y":-0.002679151017218828,"z":0.0013613876653835178,"w":0.8896176218986511},"size":34.68642044067383,"orthographic":false}