{"cameraMode":{"drawMode":0,"name":"Shaded","section":"Shading Mode"},"sceneLighting":false,"audioPlay":false,"sceneViewState":{"showFog":true,"showMaterialUpdate":false,"showSkybox":false,"showFlares":true,"showImageEffects":true,"showParticleSystems":true},"in2DMode":false,"pivot":{"x":-37.99555969238281,"y":-352.24761962890627,"z":21.46670150756836},"rotation":{"x":0.29255005717277529,"y":-0.05018529295921326,"z":0.015356717631220818,"w":0.9548272490501404},"size":0.209922656416893,"orthographic":false}