{"cameraMode":{"drawMode":0,"name":"Shaded","section":"Shading Mode"},"sceneLighting":true,"audioPlay":false,"sceneViewState":{"showFog":true,"showMaterialUpdate":false,"showSkybox":true,"showFlares":true,"showImageEffects":true,"showParticleSystems":true},"in2DMode":false,"pivot":{"x":2.093954563140869,"y":-66.78449249267578,"z":389.1166076660156},"rotation":{"x":0.09616053849458695,"y":0.0029787675011903049,"z":-0.0003074843843933195,"w":0.9953793883323669},"size":223.50584411621095,"orthographic":false}