{"cameraMode":{"drawMode":0,"name":"Shaded","section":"Shading Mode"},"sceneLighting":false,"audioPlay":false,"sceneViewState":{"showFog":true,"showMaterialUpdate":false,"showSkybox":false,"showFlares":true,"showImageEffects":true,"showParticleSystems":true},"in2DMode":false,"pivot":{"x":-44.1885986328125,"y":-338.77313232421877,"z":24.659000396728517},"rotation":{"x":0.28482434153556826,"y":-0.12323104590177536,"z":0.036942239850759509,"w":0.9499202370643616},"size":5.271605014801025,"orthographic":false}