{"cameraMode":{"drawMode":0,"name":"Shaded","section":"Shading Mode"},"sceneLighting":false,"audioPlay":false,"sceneViewState":{"showFog":true,"showMaterialUpdate":false,"showSkybox":false,"showFlares":true,"showImageEffects":true,"showParticleSystems":true},"in2DMode":false,"pivot":{"x":-39.551734924316409,"y":-351.5224914550781,"z":20.717018127441408},"rotation":{"x":0.4714910686016083,"y":-0.12877583503723145,"z":0.0698053240776062,"w":0.8696394562721252},"size":0.053142499178647998,"orthographic":false}