{"cameraMode":{"drawMode":0,"name":"Shaded","section":"Shading Mode"},"sceneLighting":true,"audioPlay":false,"sceneViewState":{"showFog":true,"showMaterialUpdate":false,"showSkybox":true,"showFlares":true,"showImageEffects":true,"showParticleSystems":true},"in2DMode":false,"pivot":{"x":8.470800399780274,"y":10.997920036315918,"z":-6.619040489196777},"rotation":{"x":0.1571427583694458,"y":-0.013340519741177559,"z":0.0021036036778241398,"w":0.9875012636184692},"size":19.90892219543457,"orthographic":false}